gdd,rain_flowering,rain_season,temp_max_mean,yield_t_ha
1709.61,36.88,202.26,27.52,10.25
1633.41,28.56,274.15,27.71,10.28
1727.72,36.83,216.27,32.69,5.94
1832.76,43.15,238.27,29.0,9.67
1621.9,35.73,393.88,30.41,9.53
1621.9,35.61,367.24,27.58,9.47
1839.51,24.47,156.03,27.6,10.02
1742.09,25.06,326.38,30.95,10.0
1593.66,13.96,324.91,26.57,11.41
1715.11,61.24,168.14,28.25,8.86
1594.39,16.34,325.5,29.06,11.08
1594.11,24.61,383.03,29.2,9.41
1679.04,24.22,170.2,28.68,10.48
1420.41,48.42,186.6,29.71,7.92
1443.01,30.58,341.41,30.25,9.48
1582.53,53.72,281.72,30.32,8.51
1528.46,24.9,304.12,27.23,10.99
1687.71,39.18,287.25,28.49,9.63
1541.04,22.47,291.26,31.15,9.23
1480.52,67.18,153.88,30.61,7.11
1825.88,17.19,343.79,26.53,11.0
1622.91,39.65,353.57,29.63,9.77
1658.1,44.51,241.65,25.44,8.29
1479.03,41.21,256.52,29.08,9.3
1584.67,32.22,137.51,32.42,6.58
1663.31,33.05,301.14,27.29,10.44
1511.88,35.66,305.76,27.5,9.95
1695.08,32.79,255.02,30.38,9.91
1577.92,49.46,349.95,26.22,9.94
1615.0,68.16,233.27,27.86,8.29
1577.8,26.64,305.17,30.07,10.24
1872.27,14.45,178.43,27.86,10.25
1648.38,33.68,258.12,28.58,10.45
1523.07,73.7,246.05,30.34,8.13
1748.71,22.94,278.02,29.76,9.18
1503.5,59.59,230.44,29.48,8.62
1675.06,60.17,249.48,28.39,9.08
1414.84,26.7,326.08,29.67,9.17
1490.62,43.53,225.06,28.78,10.04
1673.62,59.43,131.47,29.82,8.04
1738.62,29.31,399.97,28.11,10.58
1670.56,31.95,370.52,28.67,10.68
1636.12,26.27,156.62,27.22,10.25
1613.87,19.78,315.18,28.94,10.49
1472.58,25.26,219.76,27.54,10.47
1563.62,16.64,281.08,26.99,10.7
1594.72,35.51,283.54,29.47,8.43
1776.85,23.45,241.25,29.38,10.1
1691.23,38.51,197.3,30.41,8.65
1438.44,11.66,204.76,28.22,10.35
1688.89,39.96,186.7,29.73,7.74
1603.79,47.5,193.45,29.99,10.29
1568.77,5.09,254.63,29.8,10.62
1723.4,40.61,202.74,27.51,9.96
1773.72,53.42,314.56,29.27,10.56
1761.75,16.86,378.98,29.66,12.41
1549.29,60.09,213.6,29.01,9.29
1612.89,41.29,279.15,25.24,9.34
1689.75,24.42,299.97,29.29,10.52
1767.07,34.16,297.76,32.98,6.78
1592.5,43.37,266.08,28.35,9.44
1627.72,36.14,319.41,27.69,9.75
1517.24,43.08,298.58,29.67,8.86
1506.46,21.19,160.99,29.56,8.6
1747.5,37.54,329.53,31.15,9.03
1812.75,13.79,330.98,26.74,10.19
1641.36,33.33,198.94,30.32,9.21
1770.42,21.44,263.04,30.06,10.17
1693.4,23.97,314.67,28.74,10.78
1572.59,53.54,243.25,29.61,8.6
1693.37,51.37,345.84,30.85,10.7
1834.56,44.14,449.11,30.57,10.88
1645.7,18.62,197.12,26.94,9.43
1837.76,30.25,149.52,30.48,9.5
1335.63,53.2,284.31,28.88,8.4
1748.63,37.13,317.73,29.13,9.73
1660.45,69.79,241.53,29.13,8.03
1614.12,40.9,376.26,28.73,10.49
1661.01,37.88,152.91,31.15,7.74
1411.49,30.36,315.43,28.85,10.35
1623.64,37.0,211.53,26.98,10.24
1692.85,32.71,397.55,28.29,11.65
1827.35,45.62,419.4,29.32,10.1
1587.81,49.35,198.67,31.21,8.02
1552.98,23.21,216.04,30.09,9.78
1589.79,15.03,328.77,27.47,10.51
1759.85,7.46,229.03,33.47,6.14
1689.45,42.62,256.37,29.48,10.61
1586.43,18.45,262.03,31.3,8.97
1711.59,5.0,106.43,28.73,10.86
1661.65,40.83,258.89,29.96,8.9
1766.24,72.39,204.82,30.51,7.39
1565.75,34.91,220.55,31.19,7.88
1610.68,47.58,375.49,30.9,8.76
1602.95,36.23,159.48,30.57,7.93
1474.38,33.52,325.06,28.43,9.95
1685.53,48.79,237.68,27.97,8.69
1681.33,30.65,237.62,29.6,9.18
1650.61,39.01,323.23,30.68,9.57
1621.85,39.83,287.2,28.6,10.32
1480.16,24.98,305.65,30.92,8.66
1599.52,49.88,337.45,31.61,7.28
1608.87,32.38,233.5,27.35,9.31
1553.73,23.66,211.02,27.49,9.76
1630.65,43.05,173.19,28.75,9.78
1698.49,21.52,193.97,29.55,10.57
1876.34,35.42,495.93,28.06,11.31
1670.95,34.86,359.57,31.43,8.11
1680.91,51.29,151.91,29.76,8.97
1641.07,42.12,154.2,29.07,8.79
1419.75,34.62,298.55,26.42,9.02
1646.82,47.27,303.78,26.63,10.43
1657.23,55.85,303.91,29.51,9.84
1900.0,43.37,239.6,25.16,9.29
1626.92,35.16,249.96,30.82,8.05
1686.19,15.32,286.23,28.72,10.95
1645.83,19.02,266.87,34.0,5.85
1509.76,30.42,82.46,33.15,4.98
1787.14,25.86,241.62,28.67,11.4
1740.23,32.2,191.89,28.81,10.83
1744.92,35.85,274.02,30.79,10.21
1540.87,42.95,498.82,32.07,8.26
1818.34,33.94,289.4,26.05,10.47
1481.78,42.3,234.92,25.78,9.49
1720.42,35.97,333.74,27.88,10.82
1900.0,5.37,298.62,30.05,10.85
1531.14,20.91,293.61,29.89,9.57
1582.04,32.84,308.55,30.93,9.06
1661.96,16.85,424.52,26.84,10.37
1589.58,44.0,169.53,24.83,7.74
1463.92,57.96,297.89,30.54,8.8
1658.23,53.28,185.89,27.51,7.94
1522.52,31.8,304.44,25.37,9.95
1706.83,57.36,186.51,29.26,9.73
1539.67,37.23,226.61,30.43,8.48
1835.99,29.94,236.39,28.78,10.87
1556.01,25.8,338.07,28.18,10.47
1611.35,30.46,333.48,28.71,11.11
1747.62,29.18,160.34,28.33,10.71
1502.3,37.56,264.39,26.57,8.54
1677.3,37.41,203.23,27.71,10.22
1806.86,35.05,159.32,29.94,9.42
1457.1,41.55,242.64,29.58,9.04
1672.16,52.86,235.32,29.3,8.84
1681.19,49.24,454.14,27.21,11.5
1743.82,12.73,294.64,28.67,11.71
1501.57,5.0,149.79,25.08,8.48
1491.55,49.01,214.82,29.32,8.06
1712.63,14.5,341.71,31.57,9.07
1685.64,31.63,427.08,26.35,10.82
1680.06,17.45,133.12,27.95,10.35
1691.57,7.97,109.61,29.59,10.8
1568.4,43.12,409.68,31.26,9.15
1677.87,46.39,291.17,28.19,10.54
1685.17,26.35,190.54,27.75,10.37
1564.28,5.0,302.77,25.46,9.17
1873.89,26.81,80.0,29.19,9.87
1706.86,40.88,260.27,32.68,7.44
1507.04,12.82,286.23,29.5,10.16
1728.79,37.75,333.94,28.96,10.69
1533.04,34.77,178.89,29.58,8.94
1744.45,43.69,266.85,28.98,9.36
1789.03,36.79,185.97,27.54,10.01
1551.52,20.4,280.43,30.48,9.65
1765.61,52.95,188.37,29.41,8.89
1699.53,32.62,227.35,29.03,9.88
1748.65,34.59,180.33,27.24,9.41
1877.62,21.0,312.09,31.35,10.3
1620.55,28.35,328.68,30.2,9.62
1559.55,21.73,241.23,28.0,11.08
1543.26,32.41,263.06,30.8,9.68
1552.1,60.68,144.11,28.1,8.59
1640.75,14.42,236.03,27.59,9.98
1690.94,10.8,255.98,27.63,9.66
1683.2,57.07,469.66,25.81,8.77
1749.26,31.86,171.04,29.85,8.76
1651.56,24.96,377.13,25.7,10.92
1824.42,50.6,339.75,26.79,10.25
1618.24,25.92,282.45,25.26,9.51
1900.0,62.39,400.69,28.85,9.04
1725.08,45.17,289.77,28.73,9.32
1547.14,27.68,291.13,28.41,10.71
1521.49,67.36,255.75,27.12,8.86
1707.9,25.91,357.89,26.89,10.65
1623.18,46.13,347.72,29.84,9.9
1735.68,39.49,209.95,28.01,10.98
1706.79,54.53,154.46,29.57,8.75
1641.26,58.42,243.76,27.41,9.31
1548.38,35.48,196.0,29.33,9.44
1468.22,23.7,254.92,31.35,9.74
1596.42,41.9,359.0,30.06,8.28
1752.77,24.83,223.42,28.26,10.93
1675.69,65.2,256.57,29.46,8.87
1500.51,37.05,264.64,28.57,9.99
1670.78,29.52,327.87,29.01,10.05
1696.24,37.77,80.25,28.41,9.37
1543.94,14.79,211.46,28.7,10.61
1668.45,20.43,276.9,29.38,12.25
1656.99,53.01,356.01,27.21,10.37
1512.84,25.15,220.65,27.17,9.3
1692.93,19.3,109.88,26.5,9.5
1717.29,43.05,309.58,26.12,9.44
1779.97,52.79,209.17,26.81,8.41
1776.46,45.78,164.83,29.29,9.28
1484.68,49.94,210.05,27.39,9.44
1537.46,23.65,245.24,29.92,8.8
1711.8,13.67,211.62,29.06,11.18
1711.65,57.52,83.55,25.46,8.21
1711.81,30.16,331.77,30.18,9.55
1900.0,31.24,361.99,30.46,10.27
1718.51,54.92,312.12,27.21,10.76
1786.27,43.34,168.99,29.76,9.82
1764.48,41.84,243.88,27.46,10.09
1728.17,67.48,259.48,29.18,8.98
1612.17,25.35,307.9,26.72,10.3
1741.08,48.92,313.47,25.77,9.09
1557.26,35.86,201.27,28.31,8.35
1621.58,39.03,266.56,28.78,11.08
1591.76,57.93,296.58,28.28,9.51
1659.82,42.62,376.47,26.87,10.42
1900.0,43.07,316.36,28.28,10.68
1425.93,51.09,323.12,29.48,8.55
1732.35,29.53,266.71,28.92,10.27
1456.47,22.41,372.84,29.33,9.24
1593.37,19.33,292.78,27.79,11.93
1780.67,5.5,191.11,31.11,8.86
1657.71,65.84,372.27,26.88,8.85
1520.67,18.45,315.83,29.88,9.72
1564.16,31.68,224.56,31.13,9.16
1731.55,30.85,221.64,29.87,9.78
1562.36,39.61,283.73,28.64,9.05
1675.98,47.24,297.05,28.05,10.71
1655.47,47.91,275.78,30.86,9.01
1571.81,26.25,284.9,26.44,10.24
1900.0,32.49,396.0,27.25,11.71
1726.07,39.24,345.72,28.28,11.95
1406.98,31.27,275.25,31.23,9.43
1672.37,59.11,335.3,29.68,8.91
1570.59,42.36,177.4,27.26,10.26
1752.29,46.02,291.83,28.44,10.37
1554.9,44.94,404.74,27.89,10.46
1636.23,52.6,242.56,27.72,8.46
1710.6,37.72,192.19,30.76,8.67
1753.89,15.55,207.83,26.53,9.94
1505.96,41.0,172.83,31.9,7.45
1609.86,25.23,197.22,30.49,9.77
1593.01,27.07,230.36,30.96,7.53
1571.6,43.8,147.55,28.17,9.19
1861.85,53.57,261.25,28.73,10.69
1698.6,35.32,332.18,26.42,10.03
1498.69,39.63,187.38,28.06,9.74
1760.14,60.53,381.54,29.89,9.79
1900.0,38.61,300.86,31.33,9.33
1773.9,74.03,342.45,27.01,9.27
1467.68,43.48,207.37,28.34,8.45
1591.89,8.59,328.36,28.73,10.28
1802.03,46.3,172.65,26.49,9.89
1565.08,40.72,331.22,30.06,9.39
1703.26,54.35,273.75,27.7,9.63
1742.96,45.1,304.26,28.65,9.9
1538.77,32.92,165.95,28.19,9.33
1642.86,16.64,188.39,27.58,10.96
1300.0,31.86,307.78,28.99,9.18
1527.07,22.24,184.13,28.61,9.03
1619.69,26.29,297.06,28.33,10.88
1500.27,43.83,150.63,27.69,8.9
1845.89,60.05,327.85,29.58,9.77
1478.38,40.92,161.4,31.98,7.71
1597.19,17.06,304.18,29.25,10.45
1665.69,41.67,310.05,30.79,9.16
1822.95,52.95,204.26,26.5,8.74
1477.7,25.85,306.56,29.28,9.77
1789.58,32.99,280.84,27.02,10.83
1651.23,35.22,216.89,26.34,8.59
1532.22,23.23,179.32,27.67,9.96
1705.45,44.72,102.99,31.15,7.91
1673.89,33.19,287.97,30.71,9.26
1577.97,41.29,134.82,29.44,9.56
1658.38,21.69,267.63,26.24,10.3
1603.76,28.44,238.92,28.65,10.94
1663.62,45.84,314.33,29.54,9.09
1729.46,29.41,235.84,29.32,10.21
1840.32,60.9,233.64,25.68,8.95
1501.46,29.01,318.55,27.4,9.46
1900.0,38.37,286.8,28.88,11.2
1415.75,48.99,285.29,29.97,10.03
1631.79,13.72,297.54,25.05,9.54
1720.6,8.59,137.15,28.71,10.82
1683.72,12.12,320.54,29.26,10.94
1575.28,53.94,309.0,30.53,8.17
1625.03,26.72,178.67,30.25,8.13
1590.84,73.37,240.47,30.05,7.68
1579.28,26.54,256.86,27.56,9.32
1751.95,37.77,249.24,25.57,10.38
1692.84,58.13,286.71,28.29,9.55
1566.85,65.09,374.51,30.8,8.08
1757.95,65.92,346.54,31.51,8.49
1686.88,53.13,155.02,30.28,7.79
1747.54,50.36,309.77,29.77,9.17
1725.56,43.89,366.31,29.68,10.08
1550.52,46.68,290.94,28.0,10.26
1582.78,26.73,347.28,28.77,10.76
1739.68,22.73,420.98,32.0,9.1
1723.24,34.95,341.9,27.3,10.6
1647.49,32.45,279.94,31.91,8.22
1664.08,28.2,343.61,28.42,10.78
1803.32,45.45,271.59,31.39,7.89
1579.01,49.33,261.91,26.47,9.19
1715.65,36.33,231.89,30.05,8.85
1625.74,57.16,385.07,27.67,9.92
1623.88,17.87,194.53,26.45,9.65
1781.85,32.1,382.59,29.39,12.25
1749.05,24.25,299.99,30.82,9.63
1747.62,7.0,148.06,27.48,9.87
1806.66,33.76,289.41,26.3,10.15
1652.52,33.17,92.0,28.83,9.71
1731.83,57.7,310.04,28.84,10.74
1612.77,44.46,330.82,29.99,9.08
1688.9,19.64,212.61,30.71,8.43
1634.38,62.81,269.88,28.89,9.65
1661.64,53.32,416.33,32.34,6.57
1721.42,43.73,219.54,29.4,9.31
1551.81,31.6,175.29,28.38,9.46
1900.0,20.61,378.53,26.1,11.06
1529.28,29.42,417.01,28.53,10.98
1504.3,51.33,260.3,28.39,8.83
1788.97,63.27,340.92,30.73,8.66
1745.0,58.15,367.32,29.83,9.58
1724.89,27.67,200.6,26.88,10.19
1725.4,18.21,221.18,29.31,10.45
1648.53,37.11,358.47,30.21,9.97
1542.33,8.47,394.8,31.75,9.58
1659.1,39.85,305.03,30.6,9.4
1568.74,32.79,189.61,30.37,9.13
1767.01,28.01,418.96,29.11,10.12
1632.35,11.08,217.52,29.7,10.22
1550.94,42.7,233.19,31.25,8.23
1611.43,27.01,287.39,26.6,10.51
1699.55,17.45,384.33,28.37,10.83
1582.35,5.0,328.32,27.61,10.7
1551.33,34.59,293.19,29.68,9.24
1679.24,61.58,297.06,31.21,8.31
1679.4,59.92,263.48,27.93,10.07
1589.17,28.14,304.65,24.7,8.47
1593.48,25.97,80.0,28.26,10.06
1677.85,42.03,236.27,30.64,8.9
1476.23,20.02,279.31,29.97,9.55
1481.1,39.53,167.92,29.77,8.59
1563.79,46.49,290.91,28.5,10.09
1624.39,53.4,243.64,26.7,9.37
1687.31,33.5,400.44,29.93,11.62
1827.04,31.94,385.84,27.5,10.6
1752.92,21.83,222.74,32.93,7.28
1630.81,22.6,247.93,30.03,9.46
1647.72,31.6,254.08,27.95,9.67
1529.7,40.51,223.87,27.9,9.5
1647.78,48.7,275.6,28.83,9.74
1615.36,22.95,199.34,28.57,11.85
1688.73,57.39,169.55,31.01,7.71
1550.73,30.93,309.82,29.34,9.24
1712.32,34.68,310.36,27.68,10.63
1833.93,23.79,195.65,32.4,6.5
1636.95,5.0,331.63,29.09,11.04
1698.21,48.26,209.47,30.38,8.79
1732.82,46.05,280.25,27.91,10.55
1601.85,30.78,325.63,29.65,10.56
1676.89,36.0,257.31,29.56,9.47
1651.51,42.74,296.38,25.6,9.08
1661.72,11.56,218.69,32.63,7.01
1557.24,27.06,244.28,31.32,7.72
1652.94,46.91,243.53,28.29,9.87
1709.76,16.19,200.27,27.02,9.68
1824.14,39.4,245.86,29.63,9.72
1765.11,14.65,136.11,29.16,9.72
1900.0,42.0,220.71,29.64,10.3
1557.92,34.47,237.21,29.34,10.62
1754.68,10.77,239.51,29.91,9.69
1672.0,52.47,240.68,31.61,6.51
1900.0,23.98,255.06,30.02,10.36
1553.0,22.85,298.36,27.11,10.28
1549.23,38.01,329.96,31.45,8.4
1578.07,52.23,208.02,31.95,6.6
1395.13,19.76,163.74,34.0,4.03
1586.91,35.93,176.64,26.98,9.66
1558.9,41.43,221.02,29.44,9.85
1668.05,45.4,231.85,25.25,7.43
1691.01,37.65,198.4,30.0,9.07
1875.14,29.49,156.31,28.01,10.56
1764.05,22.59,223.51,32.46,7.09
1580.77,36.29,274.51,27.61,10.98
1542.19,18.92,307.6,25.96,9.51
1709.03,5.0,215.41,28.15,10.96
1491.57,41.55,226.96,25.44,8.74
1869.78,48.56,185.86,30.35,8.78
1791.53,5.0,257.48,25.28,9.14
1593.7,19.85,192.13,29.05,9.73
1444.42,44.29,305.85,25.26,9.0
1812.46,65.86,117.13,28.42,8.79
1636.26,35.31,231.23,31.96,7.1
1798.54,24.08,284.09,29.65,11.06
1458.67,32.26,274.71,27.45,9.53
1578.07,55.62,475.44,28.94,9.74
1650.63,25.31,287.98,29.03,10.45
1655.64,23.01,179.68,29.85,10.12
1595.99,27.76,252.36,26.54,11.28
1724.74,20.7,117.9,30.07,10.02
1521.89,36.84,253.55,24.13,8.17
1632.91,59.37,193.36,27.87,8.77
1664.44,39.85,333.23,28.12,9.68
1711.73,31.21,216.04,30.14,9.56
1735.39,30.62,250.66,29.04,10.32
1515.04,11.55,209.16,26.47,9.28
1465.91,48.25,399.11,27.23,9.62
1803.32,33.83,234.3,29.36,10.39
1689.88,32.29,406.6,28.86,10.99
1560.18,82.9,325.13,27.96,9.02
1836.14,39.48,298.57,28.13,10.77
1663.88,23.72,289.5,30.25,9.54
1791.52,28.6,291.5,28.07,10.48
1658.1,52.23,105.79,28.84,8.18
1897.29,36.7,237.69,32.91,8.05
1860.64,13.43,327.61,26.44,11.2
1620.12,48.79,256.09,25.67,8.66
1766.59,24.98,147.58,30.41,8.83
1727.45,63.1,255.81,27.78,11.2
1814.24,51.2,396.33,28.43,9.91
1534.21,28.29,359.75,27.59,10.14
1732.33,54.22,255.04,28.53,9.93
1777.01,36.02,336.12,31.88,8.81
1438.95,47.79,230.68,30.44,8.77
1508.01,42.27,123.69,30.55,9.1
1405.29,22.3,186.04,26.45,9.53
1617.67,25.35,385.03,26.93,10.02
1736.11,50.45,238.08,24.0,7.22
1830.28,29.98,240.53,27.54,10.79
1658.89,28.95,236.01,30.72,10.35
1845.43,20.67,412.33,29.93,10.25
1484.39,41.35,390.08,28.6,10.7
1445.59,65.94,437.5,28.96,9.36
1643.33,18.99,247.28,27.76,11.02
1696.09,35.36,283.65,29.37,9.97
1646.08,56.18,138.67,30.38,7.63
1401.91,33.81,378.15,26.09,9.91
1639.31,41.79,166.58,29.54,9.55
1493.46,19.06,277.34,30.68,9.78
1730.36,41.42,172.22,28.25,9.75
1693.99,32.19,212.89,30.26,8.99
1537.21,49.79,193.02,34.0,4.0
1588.34,52.81,211.37,28.81,9.62
1522.89,73.84,216.87,29.71,8.28
1642.48,43.69,216.14,27.67,9.06
1764.62,39.89,326.67,29.33,9.93
1531.71,37.92,171.61,29.83,8.6
1710.49,29.7,277.64,29.35,9.33
1586.37,40.08,357.44,27.16,9.6
1554.86,30.57,218.94,29.37,8.88
1637.16,37.53,202.57,31.63,7.55
1525.77,54.76,241.56,29.81,8.2
1583.56,19.9,354.38,30.73,8.68
1506.25,52.1,275.53,28.57,10.47
1885.77,54.76,217.5,30.35,9.87
1654.23,33.23,298.71,29.5,9.53
1566.03,5.0,171.82,27.29,10.54
1675.68,25.88,314.51,29.57,10.55
1636.52,54.45,292.69,27.21,10.25
1623.48,34.66,235.38,27.86,9.47
1723.7,20.01,192.91,29.34,10.87
1740.9,27.43,189.07,29.54,9.6
1586.34,47.61,302.79,26.86,8.75
1580.9,43.2,358.32,30.9,9.26
1616.99,31.42,209.02,30.03,10.09
1373.77,29.5,296.67,27.73,11.28
1468.18,29.12,93.04,26.23,7.98
1814.02,21.16,213.23,28.74,11.09
1847.4,59.23,257.52,28.2,9.62
1620.12,30.17,187.23,29.2,10.15
1719.19,53.26,185.08,28.35,8.54
1687.35,57.82,206.58,25.39,7.53
1900.0,49.97,283.38,28.3,9.91
1784.35,28.53,245.01,28.45,10.6
1634.65,41.06,80.94,30.14,8.11
1535.34,34.64,90.34,27.74,9.55
1457.23,21.44,211.45,32.02,8.04
1674.42,39.87,296.61,25.56,9.64
1559.24,17.31,80.0,31.36,8.98
1479.33,52.82,220.02,28.6,9.19
1572.41,28.03,217.9,30.55,8.26
1520.21,38.02,371.07,29.14,10.77
1852.46,39.25,229.2,31.05,8.61
1755.8,31.12,290.64,28.3,11.15
1649.04,43.8,271.3,27.02,10.69
1827.59,27.88,89.55,31.56,8.47
1659.28,48.07,321.46,28.8,9.0
1546.65,14.81,277.23,29.4,9.69
1832.77,36.9,300.66,31.22,9.91
1714.67,64.08,500.0,27.14,10.15
1525.53,20.0,93.27,30.07,8.99
1627.16,24.83,397.98,27.94,11.37
1544.93,42.71,237.0,28.76,9.86
1484.06,37.69,282.99,29.13,9.69
1761.14,40.26,256.36,26.3,9.66
1879.13,42.34,226.06,27.6,10.12
1482.17,44.52,214.41,31.43,7.98
1717.56,51.65,286.36,30.6,9.21
1571.92,41.15,138.63,28.89,8.98
1591.54,31.38,320.05,29.44,10.66
1578.91,45.09,226.7,28.47,9.39
1546.32,63.5,169.59,31.44,6.35
1655.82,33.01,224.0,28.64,9.53
1550.29,20.38,360.57,29.42,9.82
1682.45,51.61,217.17,31.06,7.96
1643.97,33.19,288.68,27.6,10.99
1621.33,5.0,201.52,31.81,8.05
1541.09,47.71,320.63,26.25,9.36
1580.79,26.97,314.84,31.93,7.69
1740.65,33.64,407.89,28.33,10.8
1710.11,39.98,245.95,28.56,9.11
1532.69,37.86,313.49,25.6,8.95
1661.92,45.64,267.85,28.18,9.74
1740.17,28.47,363.67,27.13,11.16
1449.67,42.7,202.49,27.91,9.29
1715.2,31.11,319.6,28.75,9.83
1570.49,46.08,244.42,30.72,9.06
1718.47,44.23,254.86,29.37,9.83
1558.41,20.97,267.34,29.55,10.09
1433.41,51.29,280.18,27.03,9.02
1454.69,26.96,250.7,27.41,9.47
1655.77,47.12,277.18,32.24,7.27
1681.17,40.51,386.25,27.68,10.8
1541.48,62.57,338.84,31.98,5.91
1726.63,31.65,329.53,28.56,10.31
1450.62,29.76,223.56,29.0,9.32
1642.07,34.71,188.86,30.93,8.69
1504.68,30.45,336.42,31.29,9.29
1571.78,47.0,330.08,28.8,9.28
1655.69,10.76,377.81,28.3,11.02
1546.75,19.19,211.68,28.9,9.71
1603.85,18.98,241.64,29.61,9.54
1770.76,49.25,128.84,30.6,8.24
1580.77,60.66,228.6,29.01,9.36
1750.28,33.43,339.73,30.11,9.43
1514.44,32.47,222.68,31.95,7.62
1713.58,36.05,311.24,29.69,9.0
1822.99,52.43,244.76,29.56,9.26
1353.4,21.09,285.92,26.27,9.25
1554.37,38.58,168.18,24.26,8.31
1719.25,49.63,266.82,29.7,9.28
1625.63,42.52,80.0,28.83,7.68
1694.54,37.84,245.05,28.07,8.88
1577.52,50.02,129.56,29.44,8.67
1660.39,5.0,356.48,28.89,11.68
1631.32,45.17,322.19,31.03,8.86
1790.13,25.19,297.33,29.15,10.81
1680.53,7.54,381.68,27.66,12.18
1690.51,42.67,184.09,30.78,8.2
1600.57,55.6,399.79,28.61,10.41
1591.49,32.94,334.58,29.95,8.78
1598.09,49.29,241.08,28.14,8.93
1697.33,59.18,350.85,27.83,8.78
1599.48,54.72,171.5,29.15,8.68
1684.77,59.6,194.04,29.02,9.02
1899.05,46.13,211.31,29.86,9.76
1754.53,36.13,217.68,28.52,10.17
1610.88,10.97,175.48,25.69,9.05
1794.15,31.31,357.85,28.22,10.86
1601.03,22.35,239.29,30.43,8.51
1405.43,67.56,288.2,28.46,9.42
1529.03,32.36,214.37,28.56,9.48
1425.5,36.85,114.35,30.78,7.47
1607.82,43.27,281.6,27.72,10.79
1652.21,35.65,107.02,26.22,8.27
1851.17,60.43,254.51,28.71,9.08
1689.23,25.66,150.53,28.13,9.4
1623.71,37.92,418.98,27.26,10.47
1749.53,23.86,332.91,28.68,11.18
1384.66,15.2,268.46,29.88,9.99
1678.27,25.82,361.1,28.98,12.26
1742.5,34.44,192.29,29.55,8.38
1472.57,28.56,303.48,32.26,7.68
1787.25,24.61,275.98,28.38,10.48
1690.62,13.91,281.12,29.5,10.24
1600.17,33.75,361.79,28.08,10.06
1725.93,12.43,318.6,27.48,10.63
1900.0,46.4,283.1,27.95,11.5
1671.82,36.24,127.61,28.14,10.11
1679.79,13.14,183.2,29.65,10.15
1594.88,30.36,250.18,33.23,6.79
1548.02,23.72,267.47,27.71,9.31
1749.64,39.79,169.58,28.25,9.05
1547.27,55.11,452.93,28.89,8.6
1658.59,6.87,381.31,29.71,10.61
1592.68,36.73,308.17,29.47,9.88
1707.48,32.6,265.76,31.31,8.77
1690.04,45.07,243.02,24.63,8.23
1774.5,38.2,183.85,24.7,7.55
1588.8,23.72,266.2,28.11,10.81
1617.62,30.21,280.62,30.98,9.08
1532.55,23.06,160.66,26.18,9.73
1596.68,51.14,286.73,24.0,6.07
1695.28,35.32,247.58,30.03,9.74
1740.84,63.52,107.38,29.44,7.85
1539.34,34.09,191.17,27.04,9.21
1754.35,24.37,226.91,27.23,10.79
1812.68,12.29,411.02,27.25,11.78
1699.61,7.95,304.52,29.2,10.5
1875.22,11.24,153.16,27.87,10.96
1557.15,39.01,298.88,29.89,8.46
1500.64,42.63,136.22,24.0,7.31
1436.55,11.28,346.62,27.46,10.47
1829.53,48.43,222.31,26.97,10.52
1728.52,27.75,252.51,28.54,10.14
1643.33,37.2,366.06,28.03,10.14
1683.6,59.18,157.03,30.44,7.71
1514.94,48.45,148.23,25.65,8.63
1900.0,30.97,213.31,29.08,10.07
1665.51,21.63,343.07,30.01,10.67
1663.13,5.0,138.45,32.34,7.5
1737.09,24.21,80.0,28.13,8.75
1707.72,31.83,223.91,29.58,9.49
1676.87,20.19,304.14,25.75,9.34
1555.14,33.03,356.02,24.69,8.7
1706.58,36.15,222.95,30.52,8.41
1875.84,31.63,227.09,28.99,11.06
1811.45,25.25,352.31,31.12,9.66
1841.18,37.53,110.42,26.53,9.49
1588.65,41.63,228.92,29.94,9.47
1531.25,18.64,275.23,32.36,8.09
1634.91,56.16,295.94,29.76,9.11
1656.69,33.52,219.22,29.5,9.21
1781.3,35.28,262.76,29.02,9.23
1446.9,45.62,80.0,26.17,7.66
1833.55,38.5,207.34,31.44,8.11
1631.04,49.3,296.28,27.9,9.85
1598.77,39.31,181.42,29.91,8.79
1528.55,25.81,264.72,26.19,10.03
1451.42,40.42,295.75,26.88,9.04
1748.78,17.84,232.6,31.58,8.81
1658.8,36.63,273.64,28.37,10.83
1495.2,34.5,182.98,31.62,7.68
1494.59,31.88,243.47,28.86,9.61
1609.71,33.07,308.82,25.68,9.1
1850.28,6.77,272.56,30.61,10.11
1618.85,26.77,213.08,27.94,9.59
1469.62,36.39,277.94,30.26,8.6
1620.51,37.4,317.17,29.05,10.49
1617.27,19.58,96.0,26.22,9.23
1326.37,53.99,352.73,29.3,8.05
1643.48,22.01,233.1,32.95,7.76
1622.29,49.54,294.04,29.89,9.4
1733.54,41.41,355.78,28.9,9.55
1871.87,25.31,150.27,30.94,8.96
1785.19,61.63,203.24,29.38,9.21
1617.73,17.1,236.92,29.38,11.22
1517.22,48.79,197.3,27.04,8.31
1900.0,50.01,398.79,29.42,11.13
1657.11,24.94,191.46,30.86,9.77
1651.67,55.89,215.56,27.5,8.9
1647.1,31.25,276.35,31.56,8.21
1673.77,39.33,163.83,28.83,8.93
1632.68,38.9,228.35,27.4,9.65
1581.16,32.99,285.4,30.8,8.91
1584.38,47.16,233.37,28.48,9.84
1646.07,46.9,252.53,30.37,9.53
1584.79,8.77,217.65,28.47,10.09
1564.46,54.57,138.84,28.89,7.53
1662.77,10.06,285.73,29.89,10.45
1619.4,50.49,400.39,29.52,9.96
1830.48,51.9,261.47,25.41,9.21
1331.88,18.64,278.02,26.98,9.53
1780.98,28.84,315.42,30.67,9.85
1799.53,18.41,158.45,28.76,11.4
1401.19,31.78,396.2,28.06,10.36
1608.88,30.38,276.19,26.55,9.68
1605.43,46.69,390.55,27.06,9.74
1481.1,54.65,201.36,25.36,7.72
1556.66,55.94,405.44,28.82,10.72
1516.73,26.57,322.01,27.92,10.17
1860.27,31.86,304.24,27.26,10.82
1762.28,9.75,278.72,28.88,10.82
1802.59,22.91,240.12,29.66,11.03
1736.6,49.47,356.04,32.77,8.05
1514.51,59.23,271.23,26.28,8.92
1587.06,16.48,102.63,31.09,8.5
1708.72,26.11,170.63,30.75,9.06
1503.34,34.6,245.13,27.6,8.25
1735.56,39.2,284.8,29.37,10.47
1621.16,22.86,255.47,28.18,10.46
1605.02,41.36,357.52,29.33,10.19
1735.32,27.89,103.91,31.72,7.42
1703.31,34.78,271.49,30.09,9.41
1606.68,43.19,114.56,29.92,8.38
1789.12,35.1,320.78,28.23,11.31
1520.27,28.45,252.44,26.33,9.31
1723.91,33.36,293.57,28.62,11.67
1721.17,33.67,190.89,31.17,8.81
1612.85,29.45,362.36,26.25,9.37
1689.14,31.12,343.34,27.1,10.46
1499.87,58.98,306.68,29.23,8.59
1760.88,43.41,249.64,27.23,8.69
1627.81,30.57,306.39,27.57,11.31
1587.27,45.45,203.45,28.24,9.83
1775.88,29.99,328.44,26.54,10.85
1565.48,52.6,391.96,27.25,9.92
1480.98,40.54,345.65,30.27,8.27
1463.2,33.39,201.63,26.65,8.9
1722.72,41.72,288.91,26.12,10.19
1496.35,11.44,156.55,27.87,9.39
1860.58,18.1,305.79,30.32,9.01
1400.17,17.09,296.05,28.65,9.97
1853.57,37.14,110.41,28.16,9.87
1675.32,60.99,167.06,29.08,8.93
1638.39,68.47,237.35,25.86,8.74
1584.61,44.57,235.93,29.89,9.41
1697.9,42.51,163.24,29.69,9.35
1645.48,7.98,291.12,28.26,11.75
1782.4,26.86,280.12,30.81,8.67
1663.71,23.18,244.46,26.97,10.59
1668.04,25.69,199.54,31.03,9.2
1606.37,32.48,343.9,29.28,9.43
1643.17,27.92,392.43,28.39,9.92
1686.94,5.31,221.32,28.96,10.36
1444.78,46.22,211.03,28.81,8.57
1488.22,18.91,299.3,31.2,9.27
1739.19,38.59,231.36,27.06,9.62
1670.5,66.11,248.85,27.63,8.65
1627.92,21.21,319.17,30.87,9.11
1652.21,5.0,107.25,27.93,11.08
1691.71,30.71,365.46,30.62,9.75
1585.23,51.51,265.81,32.06,6.9
1556.6,64.38,227.08,28.28,8.79
1673.5,16.56,252.86,30.23,10.73
1532.6,42.45,256.99,26.92,8.96
1698.99,28.02,121.5,30.36,9.85
1445.69,33.41,379.6,29.36,9.98
1773.5,74.67,263.31,29.85,8.64
1706.71,12.46,295.44,27.84,12.57
1680.72,38.81,336.12,26.01,9.15
1767.92,42.02,178.31,29.91,9.12
1849.86,51.29,297.88,25.29,8.43
1771.72,36.47,238.59,28.43,10.83
1429.1,39.62,327.74,30.69,9.62
1496.45,29.13,89.82,29.35,9.96
1575.02,39.04,252.07,32.51,7.46
1653.13,29.85,211.77,30.85,8.75
1712.12,44.32,294.58,27.82,9.91
1562.91,29.46,297.6,29.05,9.05
1672.41,40.66,203.39,28.91,10.87
1559.35,34.56,203.03,26.15,9.44
1576.62,51.89,251.15,27.31,9.02
1481.2,34.23,188.27,27.99,10.23
1539.21,8.4,327.36,25.33,9.26
1487.8,53.93,230.46,29.09,9.09
1532.9,21.41,80.0,28.55,9.36
1776.44,25.19,230.01,25.99,10.38
1536.07,26.07,176.92,29.73,9.28
1900.0,55.62,129.5,30.29,7.94
1709.2,5.0,161.01,29.41,10.51
1672.18,82.07,268.75,28.42,9.4
1547.0,50.84,366.29,30.06,9.15
1734.04,38.35,285.05,30.22,10.05
1580.92,34.18,211.48,29.55,8.78
1664.64,39.28,296.47,27.52,10.12
1900.0,42.82,223.27,29.5,9.65
1638.47,44.68,204.43,31.15,8.53
1787.91,43.33,167.65,27.93,9.86
1565.62,36.34,119.85,32.78,6.3
1645.8,32.04,228.81,28.05,10.72
1862.5,32.73,272.64,29.06,11.01
1574.76,32.08,252.27,27.79,10.14
1867.49,52.01,226.72,29.4,9.12
1734.93,43.9,184.34,25.86,9.07
1582.5,5.0,308.66,28.02,10.72
1725.89,44.84,154.63,27.03,9.24
1766.71,37.92,322.08,29.24,10.11
1724.62,34.72,179.82,30.79,8.23
1461.57,29.17,199.81,30.16,7.7
1562.74,51.86,142.66,24.73,6.92
1620.3,49.21,219.89,32.68,6.29
1641.07,23.41,338.02,29.53,9.59
1724.48,41.11,301.25,27.6,10.27
1671.32,20.43,338.27,29.28,11.81
1489.76,14.31,301.77,29.32,10.86
1695.62,25.6,171.71,27.8,11.14
1723.27,47.94,233.54,29.36,9.76
1717.17,49.3,197.58,27.91,10.3
1779.69,42.7,366.45,28.27,10.19
1750.07,45.88,164.26,27.76,9.26
1705.1,42.74,331.5,26.42,8.29
1641.58,25.38,331.44,29.26,11.14
1450.68,41.48,406.37,30.05,10.3
1701.55,47.01,227.23,29.93,8.86
1674.92,46.31,316.99,30.48,8.99
1682.59,52.83,442.53,29.58,9.56
1496.79,45.62,210.59,28.04,9.44
1520.27,40.27,137.2,30.51,8.87
1776.38,51.05,109.6,26.56,7.99
1645.25,34.6,317.02,27.38,10.53
1731.78,21.77,109.35,27.26,9.87
1653.4,32.55,230.21,30.94,8.85
1653.57,23.83,294.99,30.7,9.78
1762.59,24.87,274.81,29.88,10.12
1588.07,32.83,294.04,30.93,8.81
1661.53,23.11,277.78,27.42,10.39
1594.53,30.38,362.31,29.63,10.71
1597.86,6.6,183.81,28.77,10.69
1612.9,38.2,205.84,30.52,8.89
1676.66,35.02,198.19,28.79,9.08
1592.55,22.74,326.42,28.31,10.36
1800.69,44.89,332.03,29.97,10.44
1542.65,49.06,296.1,30.58,8.6
1627.58,10.89,354.68,27.8,11.55
1597.23,23.56,165.76,28.89,10.89
1823.64,23.46,393.38,27.09,11.93
1673.59,20.9,381.86,24.5,9.31
1773.82,47.44,318.85,29.36,9.7
1471.73,32.09,402.54,30.1,8.14
1682.05,31.03,127.47,29.47,9.36
1756.76,5.0,218.04,25.49,9.97
1659.87,44.53,201.18,28.37,9.83
1777.86,16.41,317.72,25.01,9.79
1587.93,35.9,175.99,31.47,7.6
1819.12,39.16,320.6,27.05,9.45
1900.0,55.41,369.64,31.26,8.41
1606.46,15.37,315.62,30.7,10.01
1596.54,5.0,282.7,27.38,11.94
1824.41,37.76,180.97,26.96,9.93
1839.55,62.01,192.25,29.63,9.31
1587.26,53.58,359.97,27.48,10.33
1599.58,38.14,322.35,29.18,9.45
1616.19,27.63,256.88,28.13,10.46
1488.67,47.11,226.57,25.79,8.04
1539.76,20.4,97.94,24.99,8.78
1529.5,42.15,174.33,29.41,9.05
1557.86,42.58,412.91,27.99,10.45
1645.84,50.9,157.56,28.0,8.75
1678.11,76.39,275.16,30.25,8.67
1836.06,40.89,340.6,31.11,10.52
1530.2,27.37,159.61,28.51,9.0
1768.12,34.62,274.78,28.39,10.25
1624.32,8.46,335.03,29.9,10.74
1644.06,24.58,261.0,26.56,10.58
1730.98,28.86,489.47,29.4,10.79
1515.27,27.14,126.51,29.99,7.18
1695.89,37.29,344.7,30.22,10.57
1669.97,22.66,246.18,25.51,10.01
1709.09,51.82,321.75,27.63,8.94
1684.7,35.0,295.3,27.42,9.93
1900.0,34.86,201.35,29.18,11.24
1573.47,30.08,278.32,29.87,10.49
1586.28,37.33,111.37,31.69,7.81
1575.22,47.38,308.26,28.11,9.64
1583.34,21.99,283.85,28.1,10.48
1573.51,25.13,311.09,31.07,8.93
1792.68,30.44,344.65,29.53,11.27
1820.46,14.81,289.41,31.28,9.12
1581.51,22.71,271.85,29.52,9.53
1550.12,27.86,189.51,26.92,10.23
1706.57,48.12,203.02,26.6,9.31
1583.73,38.94,354.94,26.21,10.56
1725.95,37.9,374.91,30.19,9.55
1674.35,47.76,240.95,31.14,8.21
1468.11,32.94,263.68,32.33,6.37
1835.7,40.86,187.63,30.52,9.17
1865.51,33.45,353.82,31.09,8.75
1576.47,38.98,313.23,27.96,9.73
1603.48,26.26,415.3,26.92,9.84
1684.3,5.0,189.73,30.53,10.28
1690.13,32.99,229.76,29.75,10.12
1729.03,56.34,278.52,29.19,8.49
1891.22,48.89,311.72,29.7,10.88
1628.77,49.48,242.75,29.58,10.68
1554.2,53.54,190.16,31.31,7.42
1484.48,36.33,330.51,31.33,7.89
1562.29,37.96,317.69,29.98,11.14
1646.02,25.74,186.7,30.52,8.34
1865.35,30.26,368.44,29.93,10.69
1587.89,44.24,353.62,28.17,10.16
1676.85,53.06,270.74,30.36,9.65
1648.03,32.91,266.37,26.49,10.07
1792.61,28.25,304.32,30.9,9.29
1900.0,35.01,191.06,26.85,9.69
1586.3,44.02,262.4,29.51,9.15
1591.27,13.34,87.81,27.48,9.28
1775.3,5.0,330.12,30.0,11.04
1731.83,26.74,135.08,28.94,9.6
1871.6,16.69,380.27,26.13,10.28
1720.07,27.38,233.59,29.76,10.7
1606.88,32.78,243.07,27.96,9.71
1720.88,28.2,209.78,30.59,8.53
1783.04,56.79,236.96,29.0,9.45
1748.46,39.9,373.48,29.71,10.27
1710.87,39.51,80.0,27.28,8.29
1778.0,44.33,362.16,27.94,10.76
1790.32,17.92,287.04,28.17,10.45
1815.86,50.59,163.44,30.54,9.73
1727.85,33.86,173.98,32.02,7.89
1629.95,45.06,394.11,27.55,10.03
1667.61,18.92,184.36,30.94,8.6
1794.78,11.69,167.73,25.09,9.48
1551.97,47.27,350.99,26.85,10.04
1694.24,40.65,287.08,27.27,10.07
1602.8,21.47,184.97,26.57,9.66
1653.45,21.96,277.33,26.15,10.11
1803.41,51.88,177.94,29.74,8.85
1672.93,17.16,348.07,28.61,10.8
1655.57,59.64,344.91,29.68,8.05
1486.82,21.49,302.56,30.24,10.11
1739.55,44.58,288.93,29.48,10.02
1727.46,30.07,400.9,30.18,9.84
1900.0,44.05,259.97,28.87,11.49
1613.07,26.84,165.45,26.86,9.75
1676.3,32.56,295.96,30.9,8.51
1679.93,35.61,426.88,27.94,11.35
1839.29,19.97,178.82,27.32,10.88
1638.56,46.11,231.08,28.68,9.8
1683.48,27.3,293.32,27.36,10.25
1722.95,31.57,255.69,28.25,10.64
1672.39,20.08,181.42,29.62,9.75
1596.43,5.0,349.75,29.63,11.18
1673.29,32.13,445.6,27.38,9.8
1778.84,71.19,275.69,28.12,9.15
1526.82,46.77,187.67,30.93,8.91
1665.96,34.71,136.08,29.89,8.67
1565.99,31.06,280.64,32.74,6.38
1793.41,35.34,348.31,31.12,9.08
1467.22,43.21,298.01,31.06,7.43
1582.93,17.29,259.81,26.5,8.82
1695.27,51.71,212.86,30.37,8.55
1837.86,45.73,172.63,28.9,9.87
1642.11,45.77,326.78,28.01,10.01
1583.38,41.58,333.1,29.3,9.7
1875.74,35.29,136.34,30.7,9.11
1476.24,45.09,387.19,29.9,9.96
1386.14,43.88,305.93,27.42,9.21
1702.8,29.69,371.97,30.34,9.69
1589.75,26.4,152.63,27.85,9.62
1527.45,36.53,150.73,29.39,9.38
1735.0,58.24,248.08,28.45,10.4
1679.26,16.41,300.22,28.61,10.47
1582.31,12.99,403.71,30.38,10.39
1496.36,37.47,316.49,27.13,9.97
1754.69,35.76,240.59,32.5,6.64
1728.02,37.6,177.89,25.72,9.14
1638.1,38.66,358.4,27.92,9.49
1871.6,31.65,182.82,29.67,8.98
1521.59,57.35,390.28,30.05,9.23
1466.94,10.99,237.25,28.82,9.96
1566.97,22.57,387.25,28.9,10.79
1644.53,33.45,314.31,29.74,9.9
1679.2,10.35,249.04,28.58,10.25
1621.05,32.36,218.45,31.51,8.08
1692.25,59.92,232.73,30.51,7.68
1499.82,35.31,294.27,30.57,9.71
1823.25,38.46,266.17,27.26,9.57
1640.14,16.1,212.5,28.86,10.24
1784.08,25.75,246.75,28.46,10.02
1691.13,29.37,266.29,27.19,10.66
1704.81,30.23,89.7,29.65,9.11
1718.37,54.22,296.65,28.03,9.54
1703.73,43.37,181.62,30.18,9.48
1727.13,18.33,167.73,27.07,10.33
1809.5,38.7,125.01,32.09,7.66
1673.58,42.47,116.49,27.39,8.73
1735.08,52.1,151.56,29.39,8.25
1639.23,58.71,203.28,30.43,8.33
1822.81,19.77,416.26,27.97,11.44
1568.83,22.84,217.93,30.53,9.52
1866.11,16.14,274.22,26.79,11.01
1645.18,31.49,292.04,31.61,8.5
1478.31,42.0,270.49,29.03,8.39
1665.37,49.81,253.8,27.93,10.82
1568.27,33.86,164.38,28.46,9.43
1750.88,30.2,376.07,30.46,10.49
1571.69,37.28,404.58,27.95,9.93
1596.46,22.47,125.39,27.65,9.99
1423.26,66.34,178.08,28.6,7.44
1595.72,10.89,237.62,26.88,10.7
1359.13,37.77,182.84,32.28,6.04
1459.93,65.35,300.48,27.98,8.91
1741.25,35.1,201.74,30.5,9.59
1744.3,32.15,433.2,29.38,10.11
1701.05,29.64,355.24,27.23,10.28
1533.96,32.29,277.01,28.99,10.1
1644.27,55.59,342.16,30.41,10.2
1649.57,5.0,348.47,28.66,11.22
1511.0,58.0,214.88,31.15,7.77
1830.41,13.64,194.7,30.84,9.67
1755.28,31.0,266.25,30.65,10.63
1623.48,28.56,328.93,28.17,9.46
1653.23,43.83,271.12,27.06,9.83
1675.01,11.03,133.84,27.9,9.42
1404.99,41.93,195.77,29.35,7.26
1620.34,65.36,254.08,29.98,8.7
1568.16,14.55,253.95,25.09,9.31
1529.81,37.85,417.8,28.99,10.04
1616.27,25.07,149.12,29.28,9.57
1865.72,41.39,300.45,28.5,12.45
1726.9,35.29,379.13,31.32,8.96
1581.46,25.38,441.72,29.76,10.8
1718.71,42.32,227.65,31.36,7.86
1817.92,62.07,299.31,28.61,10.0
1760.96,32.14,305.58,30.69,9.43
1657.16,45.8,275.64,31.94,7.29
1572.37,15.6,252.09,31.36,9.87
1733.79,20.65,294.88,27.03,11.46
1697.22,42.09,80.0,28.54,9.34
1757.42,57.26,314.57,28.38,8.53
1726.22,40.33,270.09,29.88,9.44
1775.95,30.3,242.2,30.24,11.37
1585.77,34.99,423.75,27.49,10.43
1808.09,16.24,206.01,29.12,11.33
1673.71,44.07,227.75,25.36,9.6
1899.03,48.23,419.32,31.6,9.17
1567.3,28.22,193.44,28.08,9.34
1858.32,27.95,215.99,29.1,9.03
1673.75,38.99,248.24,28.44,10.39
1571.83,28.45,327.26,31.06,8.49
1591.93,34.01,276.62,24.0,7.77
1611.56,66.5,156.59,28.97,7.77
1700.9,31.29,217.43,28.81,9.93
1712.74,29.62,211.41,28.18,10.25
1581.16,25.29,253.82,32.11,7.84
1647.08,46.16,294.07,27.4,9.19
1900.0,32.28,293.46,30.39,10.82
1857.31,25.26,117.92,29.64,9.59
1702.36,54.82,345.12,31.27,7.38
1654.56,56.29,280.21,27.8,9.5
1664.4,25.99,370.76,27.68,10.87
1723.62,7.0,295.54,30.97,10.05
1527.26,50.11,348.11,29.77,10.06
1619.11,24.73,297.32,26.22,9.88
1449.77,46.86,367.7,28.03,9.62
1697.91,5.45,301.78,29.7,10.2
1727.66,48.39,252.17,30.51,9.42
1592.02,16.83,441.79,27.78,11.35
1838.88,45.96,331.12,24.0,7.89
1502.91,35.21,305.9,29.94,8.22
1474.28,20.69,157.9,26.8,10.35
1676.93,28.89,156.94,25.37,8.18
1775.65,45.29,283.42,24.0,7.46
1852.07,36.59,271.64,30.47,9.92
1594.93,43.77,210.87,29.23,8.57
1779.44,64.65,271.28,28.59,8.65
1645.38,11.54,387.09,31.5,8.2
1629.28,59.26,315.63,30.15,9.3
1756.04,36.57,168.72,31.91,7.35
1728.28,21.52,251.08,26.49,12.1
1460.83,15.05,195.6,28.94,9.25
1827.18,32.16,228.98,26.09,9.42
1815.61,48.82,226.91,28.59,9.59
1574.93,33.09,221.79,28.55,9.93
1697.5,57.67,159.59,30.13,8.19
1709.28,13.23,249.79,29.08,11.07
1681.28,34.82,215.15,30.12,8.76
1583.96,16.21,80.0,30.27,8.19
1569.41,40.45,424.24,32.88,5.76
1646.93,48.3,347.1,28.43,8.69
1790.73,28.69,229.9,27.31,10.15
1715.23,5.0,261.51,29.44,10.69
1605.53,37.98,166.27,27.56,9.13
1742.6,41.55,395.66,31.67,9.42
1308.17,41.06,411.78,28.49,10.39
1787.85,53.54,272.54,27.98,9.75
1441.23,18.93,341.88,28.15,9.32
1606.51,45.2,274.02,30.29,8.63
1515.64,52.89,153.06,28.72,8.38
1494.64,8.32,227.05,27.84,10.0
1789.3,39.79,270.55,32.0,7.55
1593.88,27.44,223.64,27.46,9.62
1691.58,33.78,242.51,29.06,9.78
1644.37,40.22,252.69,30.17,8.82
1707.24,27.69,253.53,26.06,10.01
1659.22,24.86,264.18,29.86,10.15
1496.04,35.51,175.15,27.1,8.71
1769.55,18.69,202.64,30.48,10.51
1590.75,18.71,157.23,27.27,9.38
1463.21,45.19,338.23,30.25,7.93
1598.63,17.77,91.55,30.99,8.72
1830.09,44.99,352.29,30.55,9.17
1752.03,41.94,370.91,29.45,10.48
1608.16,9.11,235.83,28.58,9.2
1608.09,24.84,80.0,27.96,10.43
1611.4,52.91,231.1,31.65,7.77
1899.21,20.28,254.87,27.74,10.25
1695.83,28.03,179.15,27.13,9.12
1701.6,41.93,218.78,30.2,10.15
1773.63,46.75,382.42,27.57,10.09
1678.65,31.23,313.19,27.29,9.94
1618.91,26.04,186.03,26.4,8.27
1626.44,56.34,132.19,28.13,8.69
1641.41,61.08,233.84,28.85,8.96
1645.53,49.68,242.92,29.44,9.71
1737.32,36.28,299.7,30.71,8.51
1656.23,22.88,217.17,29.95,8.84
1737.92,22.54,300.92,28.66,11.08
1640.31,42.84,414.81,28.64,11.02
1659.44,41.28,325.24,29.92,8.72
1410.22,56.02,256.15,31.29,7.89
1759.96,44.76,245.35,29.23,9.84
1691.58,12.45,231.47,28.16,11.43
1769.76,50.78,354.45,27.21,10.18
1302.45,20.03,209.81,26.4,7.6
1900.0,29.24,263.62,30.2,10.11
1633.25,38.75,264.1,30.04,9.99
1782.98,64.94,219.86,30.04,8.23
1525.21,81.65,150.2,28.77,7.64
1723.53,44.1,285.84,31.53,8.15
1523.59,32.25,255.12,28.13,8.12
1575.15,43.02,300.02,30.72,9.74
1879.68,48.31,217.31,28.93,9.45
1627.12,30.19,357.67,27.9,10.89
1676.09,61.93,189.86,30.07,8.4
1754.41,38.45,396.96,29.74,11.12
1709.48,42.47,120.19,29.64,9.32
1668.05,44.99,294.78,29.15,9.66
1693.8,41.32,298.03,28.93,9.52
1900.0,47.58,196.36,33.3,6.37
1643.09,25.74,293.95,31.13,7.92
1674.13,26.63,362.36,30.3,10.43
1776.08,18.5,82.65,29.2,9.34
1782.66,41.59,300.22,30.81,9.97
1792.44,46.68,80.0,29.93,8.94
1726.65,41.87,182.75,29.05,10.01
1512.84,60.12,390.33,28.45,9.56
1846.01,34.92,213.46,28.85,9.26
1512.44,45.03,166.09,24.0,6.18
1686.32,18.62,244.16,29.38,10.75
1559.49,29.19,425.43,28.12,10.82
1642.3,45.43,113.47,31.87,7.66
1689.45,47.74,175.9,29.03,9.58
1688.56,30.59,379.79,26.86,10.05
1700.63,33.93,408.62,28.91,10.27
1843.65,12.23,251.73,27.12,11.19
1704.42,29.64,160.88,29.85,8.11
1620.7,48.36,427.67,29.52,10.97
1765.69,43.63,387.56,30.72,9.81
1792.74,42.51,314.32,27.58,11.17
1502.69,35.75,195.01,29.06,8.35
1721.69,35.11,256.08,26.54,10.7
1734.14,25.1,247.17,30.26,11.14
1614.29,45.48,286.47,29.93,8.46
1815.08,41.31,376.08,29.89,10.73
1631.99,42.38,330.35,29.0,9.98
1665.07,27.11,173.81,29.75,8.66
1629.23,5.0,370.12,31.89,9.43
1651.87,51.46,285.05,28.49,10.19
1518.45,27.82,314.97,29.25,9.63
1477.19,22.06,377.32,27.04,11.1
1841.34,45.4,171.07,27.44,8.88
1548.36,29.12,257.13,29.18,8.92
1531.03,50.9,217.48,30.99,7.91
1391.59,44.26,134.57,28.54,8.66
1573.32,45.25,287.74,28.58,9.25
1491.23,14.51,460.92,28.27,11.61
1847.04,53.18,112.79,28.04,9.79
1771.18,38.92,257.42,29.53,10.45
1567.42,29.46,311.24,26.3,9.77
1900.0,37.15,269.85,31.31,9.44
1767.81,8.36,250.95,27.8,10.9
1611.02,41.13,156.06,30.3,9.86
1350.07,19.56,278.62,26.71,9.17
1900.0,14.71,199.46,30.2,11.64
1483.25,12.16,84.81,30.21,8.97
1452.55,51.69,355.57,29.69,8.25
1772.71,25.56,336.67,27.21,11.74
1900.0,58.01,264.13,29.45,9.83
1816.11,26.96,278.33,26.87,11.16
1717.67,9.39,345.95,28.55,12.09
1721.37,18.25,277.95,30.85,9.85
1752.41,53.54,332.32,30.43,8.86
1741.07,32.66,236.2,29.03,10.74
1683.74,26.78,364.96,27.25,10.78
1662.5,37.4,285.66,30.16,9.89
1642.49,42.53,275.52,29.03,8.48
1559.52,51.76,158.4,24.82,7.73
1616.32,56.73,282.96,30.41,8.22
1446.85,29.6,193.44,28.96,10.36
1638.2,15.11,208.94,31.16,9.35
1531.37,28.8,194.77,27.03,9.75
1517.57,38.9,174.7,24.0,7.22
1671.59,20.54,429.98,29.5,10.34
1817.04,20.64,366.51,29.52,12.01
1760.2,40.16,413.63,25.96,11.42
1461.54,34.27,162.17,27.24,9.42
1531.24,35.49,265.7,33.96,5.45
1762.89,23.62,156.52,28.45,9.95
1532.1,31.54,204.34,30.32,8.42
1623.04,21.14,186.55,27.83,10.19
1716.01,48.35,359.17,25.24,9.39
1533.8,50.53,228.3,28.69,8.92
1662.65,7.31,345.47,28.52,11.6
1489.92,21.06,308.33,28.28,10.5
1577.84,12.55,444.29,28.79,10.65
1688.37,25.25,141.64,29.48,10.01
1458.84,33.75,360.74,28.73,10.52
1702.86,13.26,351.72,26.72,11.13
1647.64,21.17,182.13,29.88,10.38
1716.3,19.94,340.57,25.49,9.38
1676.87,38.11,286.89,25.31,9.39
1813.7,36.04,241.8,30.33,8.9
